name,iso3,continent,state,flag
Afghanistan,AFG,Asia,Unknown,https://dl.dropboxusercontent.com/u/78944658/NoToMilTrialsMap/Flags/asia/afghanistan-flag.gif
Albania,ALB,Europe,Unknown,https://dl.dropboxusercontent.com/u/78944658/NoToMilTrialsMap/Flags/europe/Albania-flag.gif
Algeria,DZA,Africa,Banned By Law,https://dl.dropboxusercontent.com/u/78944658/NoToMilTrialsMap/Flags/africa/algeria-flag.gif
Andorra,AND,Europe,Unknown,https://dl.dropboxusercontent.com/u/78944658/NoToMilTrialsMap/Flags/europe/Andorra-flag.gif
Angola,AGO,Africa,Unknown,https://dl.dropboxusercontent.com/u/78944658/NoToMilTrialsMap/Flags/africa/Angola-flag.gif
Antigua and Barbuda,ATG,North America,Unknown,https://dl.dropboxusercontent.com/u/78944658/NoToMilTrialsMap/Flags/north-america/antigua-and-barbuda-flag.gif
Argentina,ARG,South America,Permitted By Constitution,https://dl.dropboxusercontent.com/u/78944658/NoToMilTrialsMap/Flags/south-america/Argentina-flag.gif
Armenia,ARM,Asia,Unknown,https://dl.dropboxusercontent.com/u/78944658/NoToMilTrialsMap/Flags/asia/Armenia-flag.gif
Australia,AUS,Oceania,Banned By Constitution,https://dl.dropboxusercontent.com/u/78944658/NoToMilTrialsMap/Flags/oceania/Australia-flag.gif
Austria,AUT,Europe,Unknown,https://dl.dropboxusercontent.com/u/78944658/NoToMilTrialsMap/Flags/europe/Austria-flag.gif
Azerbaijan,AZE,Asia,Unknown,https://dl.dropboxusercontent.com/u/78944658/NoToMilTrialsMap/Flags/asia/Azerbaijan-flag.gif
Bahamas,BHS,North America,Unknown,https://dl.dropboxusercontent.com/u/78944658/NoToMilTrialsMap/Flags/north-america/Bahamas-flag.gif
Bahrain,BHR,Asia,Unknown,https://dl.dropboxusercontent.com/u/78944658/NoToMilTrialsMap/Flags/asia/Bahrain-flag.gif
Bangladesh,BGD,Asia,Unknown,https://dl.dropboxusercontent.com/u/78944658/NoToMilTrialsMap/Flags/asia/Bangladesh-flag.gif
Barbados,BRB,North America,Unknown,https://dl.dropboxusercontent.com/u/78944658/NoToMilTrialsMap/Flags/north-america/Barbados-flag.gif
Belarus,BLR,Europe,Permitted By Constitution,https://dl.dropboxusercontent.com/u/78944658/NoToMilTrialsMap/Flags/europe/Belarus-flag.gif
Belgium,BEL,Europe,Unknown,https://dl.dropboxusercontent.com/u/78944658/NoToMilTrialsMap/Flags/europe/Belgium-flag.gif
Belize,BLZ,North America,Unknown,https://dl.dropboxusercontent.com/u/78944658/NoToMilTrialsMap/Flags/north-america/Belize-flag.gif
Benin,BEN,Africa,Unknown,https://dl.dropboxusercontent.com/u/78944658/NoToMilTrialsMap/Flags/africa/Benin-flag.gif
Bhutan,BTN,Asia,Unknown,https://dl.dropboxusercontent.com/u/78944658/NoToMilTrialsMap/Flags/asia/Bhutan-flag.gif
Bolivia,BOL,South America,Unknown,https://dl.dropboxusercontent.com/u/78944658/NoToMilTrialsMap/Flags/south-america/Bolivia-flag.gif
Bosnia and Herzegovina,BIH,Europe,Unknown,https://dl.dropboxusercontent.com/u/78944658/NoToMilTrialsMap/Flags/europe/bosnia-and-herzegovina-flag.gif
Botswana,BWA,Africa,Unknown,https://dl.dropboxusercontent.com/u/78944658/NoToMilTrialsMap/Flags/africa/Botswana-flag.gif
Brazil,BRA,South America,Permitted By Law,https://dl.dropboxusercontent.com/u/78944658/NoToMilTrialsMap/Flags/south-america/Brazil-flag.gif
Brunei,BRN,Asia,Unknown,https://dl.dropboxusercontent.com/u/78944658/NoToMilTrialsMap/Flags/asia/Brunei-flag.gif
Bulgaria,BGR,Europe,Permitted By Constitution,https://dl.dropboxusercontent.com/u/78944658/NoToMilTrialsMap/Flags/europe/Bulgaria-flag.gif
Burkina Faso,BFA,Africa,Permitted By Constitution,https://dl.dropboxusercontent.com/u/78944658/NoToMilTrialsMap/Flags/africa/Burkina-Faso-flag.gif
Burundi,BDI,Africa,Unknown,https://dl.dropboxusercontent.com/u/78944658/NoToMilTrialsMap/Flags/africa/Burundi-flag.gif
Cambodia,KHM,Asia,Unknown,https://dl.dropboxusercontent.com/u/78944658/NoToMilTrialsMap/Flags/asia/Cambodia-flag.gif
Cameroon,CMR,Africa,Unknown,https://dl.dropboxusercontent.com/u/78944658/NoToMilTrialsMap/Flags/africa/Cameroon-flag.gif
Canada,CAN,North America,Unknown,https://dl.dropboxusercontent.com/u/78944658/NoToMilTrialsMap/Flags/north-america/Canada-flag.gif
Cape Verde,CPV,Africa,Unknown,https://dl.dropboxusercontent.com/u/78944658/NoToMilTrialsMap/Flags/africa/Cape-Verde-flag.gif
Central African Republic,CAF,Africa,Unknown,https://dl.dropboxusercontent.com/u/78944658/NoToMilTrialsMap/Flags/africa/Central-African-Republic-flag.gif
Chad,TCD,Africa,Unknown,https://dl.dropboxusercontent.com/u/78944658/NoToMilTrialsMap/Flags/africa/Chad-flag.gif
Chile,CHL,South America,Unknown,https://dl.dropboxusercontent.com/u/78944658/NoToMilTrialsMap/Flags/south-america/Chile-flag.gif
China,CHN,Asia,Unknown,https://dl.dropboxusercontent.com/u/78944658/NoToMilTrialsMap/Flags/asia/China-flag.gif
Colombia,COL,South America,Unknown,https://dl.dropboxusercontent.com/u/78944658/NoToMilTrialsMap/Flags/south-america/Colombia-flag.gif
Comoros,COM,Africa,Unknown,https://dl.dropboxusercontent.com/u/78944658/NoToMilTrialsMap/Flags/africa/Comoros-flag.gif
Congo,COG,Africa,Unknown,https://dl.dropboxusercontent.com/u/78944658/NoToMilTrialsMap/Flags/africa/Congo-flag.gif
Congo DRC,COD,Africa,Unknown,https://dl.dropboxusercontent.com/u/78944658/NoToMilTrialsMap/Flags/africa/Congo-DRC-flag.gif
Costa Rica,CRI,North America,Unknown,https://dl.dropboxusercontent.com/u/78944658/NoToMilTrialsMap/Flags/north-america/Costa-Rica-flag.gif
Cote d'Ivoire,CIV,Africa,Unknown,https://dl.dropboxusercontent.com/u/78944658/NoToMilTrialsMap/Flags/africa/cote-dlvorie-flag.gif
Croatia,HRV,Europe,Unknown,https://dl.dropboxusercontent.com/u/78944658/NoToMilTrialsMap/Flags/europe/Croatia-flag.gif
Cuba,CUB,North America,Unknown,https://dl.dropboxusercontent.com/u/78944658/NoToMilTrialsMap/Flags/north-america/Cuba-flag.gif
Cyprus,CYP,Europe,Unknown,https://dl.dropboxusercontent.com/u/78944658/NoToMilTrialsMap/Flags/europe/Cyprus-flag.gif
Czech Republic,CZE,Europe,Unknown,https://dl.dropboxusercontent.com/u/78944658/NoToMilTrialsMap/Flags/europe/czech-republic-flag.gif
Denmark,DNK,Europe,Unknown,https://dl.dropboxusercontent.com/u/78944658/NoToMilTrialsMap/Flags/europe/Denmark-flag.gif
Djibouti,DJI,Africa,Unknown,https://dl.dropboxusercontent.com/u/78944658/NoToMilTrialsMap/Flags/africa/Djibouti-flag.gif
Dominica,DMA,North America,Unknown,https://dl.dropboxusercontent.com/u/78944658/NoToMilTrialsMap/Flags/north-america/Dominica-flag.gif
Dominican Republic,DOM,North America,Unknown,https://dl.dropboxusercontent.com/u/78944658/NoToMilTrialsMap/Flags/north-america/dominican-republic-flag.gif
Ecuador,ECU,South America,Unknown,https://dl.dropboxusercontent.com/u/78944658/NoToMilTrialsMap/Flags/south-america/Ecuador-flag.gif
Egypt,EGY,Africa,Permitted By Constitution,https://dl.dropboxusercontent.com/u/78944658/NoToMilTrialsMap/Flags/africa/Egypt-flag.gif
El Salvador,SLV,North America,Unknown,https://dl.dropboxusercontent.com/u/78944658/NoToMilTrialsMap/Flags/north-america/El-Salvador-flag.gif
Equatorial Guinea,GNQ,Africa,Unknown,https://dl.dropboxusercontent.com/u/78944658/NoToMilTrialsMap/Flags/africa/Equatorial-Guinea-flag.gif
Eritrea,ERI,Africa,Unknown,https://dl.dropboxusercontent.com/u/78944658/NoToMilTrialsMap/Flags/africa/Eritrea-flag.gif
Estonia,EST,Europe,Unknown,https://dl.dropboxusercontent.com/u/78944658/NoToMilTrialsMap/Flags/europe/Estonia-flag.gif
Ethiopia,ETH,Africa,Unknown,https://dl.dropboxusercontent.com/u/78944658/NoToMilTrialsMap/Flags/africa/Ethiopia-flag.gif
Faeroe Islands,FRO,Europe,Undefined,https://dl.dropboxusercontent.com/u/78944658/NoToMilTrialsMap/Flags/europe/Faroe-Islands-flag.gif
Falkland Islands,FLK,South America,Undefined,https://dl.dropboxusercontent.com/u/78944658/NoToMilTrialsMap/Flags/south-america/falkland-islands-flag.gif
Fiji,FJI,Oceania,Unknown,https://dl.dropboxusercontent.com/u/78944658/NoToMilTrialsMap/Flags/oceania/Fiji-flag.gif
Finland,FIN,Europe,Unknown,https://dl.dropboxusercontent.com/u/78944658/NoToMilTrialsMap/Flags/europe/Finland-flag.gif
France,FRA,Europe,Banned By Constitution,https://dl.dropboxusercontent.com/u/78944658/NoToMilTrialsMap/Flags/europe/France-flag.gif
Gabon,GAB,Africa,Unknown,https://dl.dropboxusercontent.com/u/78944658/NoToMilTrialsMap/Flags/africa/Gabon-flag.gif
Gambia,GMB,Africa,Unknown,https://dl.dropboxusercontent.com/u/78944658/NoToMilTrialsMap/Flags/africa/Gambia-flag.gif
Georgia,GEO,Asia,Unknown,https://dl.dropboxusercontent.com/u/78944658/NoToMilTrialsMap/Flags/asia/Georgia-flag.gif
Germany,DEU,Europe,Banned By Constitution,https://dl.dropboxusercontent.com/u/78944658/NoToMilTrialsMap/Flags/europe/Germany-flag.gif
Ghana,GHA,Africa,Unknown,https://dl.dropboxusercontent.com/u/78944658/NoToMilTrialsMap/Flags/africa/Ghana-flag.gif
Greece,GRC,Europe,Unknown,https://dl.dropboxusercontent.com/u/78944658/NoToMilTrialsMap/Flags/europe/Greece-flag.gif
Greenland,GRL,North America,Undefined,https://dl.dropboxusercontent.com/u/78944658/NoToMilTrialsMap/Flags/north-america/greenland-flag.gif
Grenada,GRD,North America,Unknown,https://dl.dropboxusercontent.com/u/78944658/NoToMilTrialsMap/Flags/north-america/Grenada-flag.gif
Guatemala,GTM,North America,Unknown,https://dl.dropboxusercontent.com/u/78944658/NoToMilTrialsMap/Flags/north-america/Guatemala-flag.gif
Guinea,GIN,Africa,Unknown,https://dl.dropboxusercontent.com/u/78944658/NoToMilTrialsMap/Flags/africa/Guinea-flag.gif
Guinea Bissau,GNB,Africa,Unknown,https://dl.dropboxusercontent.com/u/78944658/NoToMilTrialsMap/Flags/africa/Guinea-Bissau-flag.gif
Guyana,GUY,South America,Unknown,https://dl.dropboxusercontent.com/u/78944658/NoToMilTrialsMap/Flags/south-america/Guyana-flag.gif
Haiti,HTI,North America,Unknown,https://dl.dropboxusercontent.com/u/78944658/NoToMilTrialsMap/Flags/north-america/Haiti-flag.gif
Honduras,HND,North America,Unknown,https://dl.dropboxusercontent.com/u/78944658/NoToMilTrialsMap/Flags/north-america/Honduras-flag.gif
Hungary,HUN,Europe,Unknown,https://dl.dropboxusercontent.com/u/78944658/NoToMilTrialsMap/Flags/europe/Hungary-flag.gif
Iceland,ISL,Europe,Unknown,https://dl.dropboxusercontent.com/u/78944658/NoToMilTrialsMap/Flags/europe/Iceland-flag.gif
India,IND,Asia,Unknown,https://dl.dropboxusercontent.com/u/78944658/NoToMilTrialsMap/Flags/asia/India-flag.gif
Indonesia,IDN,Asia,Unknown,https://dl.dropboxusercontent.com/u/78944658/NoToMilTrialsMap/Flags/asia/indonesia-flag.gif
Iran,IRN,Asia,Unknown,https://dl.dropboxusercontent.com/u/78944658/NoToMilTrialsMap/Flags/asia/Iran-flag.gif
Iraq,IRQ,Asia,Unknown,https://dl.dropboxusercontent.com/u/78944658/NoToMilTrialsMap/Flags/asia/Iraq-flag.gif
Ireland,IRL,Europe,Unknown,https://dl.dropboxusercontent.com/u/78944658/NoToMilTrialsMap/Flags/europe/Ireland-flag.gif
Israel,ISR,Asia,Unknown,https://dl.dropboxusercontent.com/u/78944658/NoToMilTrialsMap/Flags/asia/Israel-flag.gif
Italy,ITA,Europe,Banned By Constitution,https://dl.dropboxusercontent.com/u/78944658/NoToMilTrialsMap/Flags/europe/Italy-flag.gif
Jamaica,JAM,North America,Unknown,https://dl.dropboxusercontent.com/u/78944658/NoToMilTrialsMap/Flags/north-america/Jamaica-flag.gif
Japan,JPN,Asia,Unknown,https://dl.dropboxusercontent.com/u/78944658/NoToMilTrialsMap/Flags/asia/Japan-flag.gif
Jordan,JOR,Asia,Unknown,https://dl.dropboxusercontent.com/u/78944658/NoToMilTrialsMap/Flags/asia/Jordan-flag.gif
Kashmir,-99,Asia,Undefined,
Kazakhstan,KAZ,Asia,Unknown,https://dl.dropboxusercontent.com/u/78944658/NoToMilTrialsMap/Flags/asia/Kazakhstan-flag.gif
Kenya,KEN,Africa,Unknown,https://dl.dropboxusercontent.com/u/78944658/NoToMilTrialsMap/Flags/africa/Kenya-flag.gif
Kiribati,KIR,Oceania,Unknown,https://dl.dropboxusercontent.com/u/78944658/NoToMilTrialsMap/Flags/oceania/Kiribati-flag.gif
Kosovo,-99,Europe,Undefined,https://dl.dropboxusercontent.com/u/78944658/NoToMilTrialsMap/Flags/europe/kosovo-flag.gif
Kuwait,KWT,Asia,Unknown,https://dl.dropboxusercontent.com/u/78944658/NoToMilTrialsMap/Flags/asia/Kuwait-flag.gif
Kyrgyzstan,KGZ,Asia,Unknown,https://dl.dropboxusercontent.com/u/78944658/NoToMilTrialsMap/Flags/asia/Kyrgyzstan-flag.gif
Laos,LAO,Asia,Unknown,https://dl.dropboxusercontent.com/u/78944658/NoToMilTrialsMap/Flags/asia/Laos-flag.gif
Latvia,LVA,Europe,Unknown,https://dl.dropboxusercontent.com/u/78944658/NoToMilTrialsMap/Flags/europe/Latvia-flag.gif
Lebanon,LBN,Asia,Unknown,https://dl.dropboxusercontent.com/u/78944658/NoToMilTrialsMap/Flags/asia/Lebanon-flag.gif
Lesotho,LSO,Africa,Unknown,https://dl.dropboxusercontent.com/u/78944658/NoToMilTrialsMap/Flags/africa/Lesotho-flag.gif
Liberia,LBR,Africa,Unknown,https://dl.dropboxusercontent.com/u/78944658/NoToMilTrialsMap/Flags/africa/Liberia-flag.gif
Libya,LBY,Africa,Permitted By Law,https://dl.dropboxusercontent.com/u/78944658/NoToMilTrialsMap/Flags/africa/Libya-flag.gif
Liechtenstein,LIE,Europe,Unknown,https://dl.dropboxusercontent.com/u/78944658/NoToMilTrialsMap/Flags/europe/Liechtenstein-flag.gif
Lithuania,LTU,Europe,Unknown,https://dl.dropboxusercontent.com/u/78944658/NoToMilTrialsMap/Flags/europe/Lithuania-flag.gif
Luxembourg,LUX,Europe,Unknown,https://dl.dropboxusercontent.com/u/78944658/NoToMilTrialsMap/Flags/europe/Luxembourg-flag.gif
Macedonia,MKD,Europe,Unknown,https://dl.dropboxusercontent.com/u/78944658/NoToMilTrialsMap/Flags/europe/Macedonia-flag.gif
Madagascar,MDG,Africa,Unknown,https://dl.dropboxusercontent.com/u/78944658/NoToMilTrialsMap/Flags/africa/Madagascar-flag.gif
Malawi,MWI,Africa,Unknown,https://dl.dropboxusercontent.com/u/78944658/NoToMilTrialsMap/Flags/africa/Malawi-flag.gif
Malaysia,MYS,Asia,Unknown,https://dl.dropboxusercontent.com/u/78944658/NoToMilTrialsMap/Flags/asia/Malaysia-flag.gif
Maldives,MDV,Asia,Unknown,https://dl.dropboxusercontent.com/u/78944658/NoToMilTrialsMap/Flags/asia/Maldives-flag.gif
Mali,MLI,Africa,Unknown,https://dl.dropboxusercontent.com/u/78944658/NoToMilTrialsMap/Flags/africa/Mali-flag.gif
Malta,MLT,Europe,Unknown,https://dl.dropboxusercontent.com/u/78944658/NoToMilTrialsMap/Flags/europe/Malta-flag.gif
Marshall Islands,MHL,Oceania,Unknown,https://dl.dropboxusercontent.com/u/78944658/NoToMilTrialsMap/Flags/oceania/marshall-islands-flag.gif
Mauritania,MRT,Africa,Unknown,https://dl.dropboxusercontent.com/u/78944658/NoToMilTrialsMap/Flags/africa/Mauritania-flag.gif
Mauritius,MUS,Africa,Unknown,https://dl.dropboxusercontent.com/u/78944658/NoToMilTrialsMap/Flags/africa/Mauritius-flag.gif
Mexico,MEX,North America,Unknown,https://dl.dropboxusercontent.com/u/78944658/NoToMilTrialsMap/Flags/north-america/Mexico-flag.gif
Micronesia,FSM,Oceania,Unknown,https://dl.dropboxusercontent.com/u/78944658/NoToMilTrialsMap/Flags/oceania/Micronesia-flag.gif
Moldova,MDA,Europe,Unknown,https://dl.dropboxusercontent.com/u/78944658/NoToMilTrialsMap/Flags/europe/Moldova-flag.gif
Monaco,MCO,Europe,Unknown,https://dl.dropboxusercontent.com/u/78944658/NoToMilTrialsMap/Flags/europe/Monaco-flag.gif
Mongolia,MNG,Asia,Unknown,https://dl.dropboxusercontent.com/u/78944658/NoToMilTrialsMap/Flags/asia/Mongolia-flag.gif
Montenegro,MNE,Europe,Unknown,https://dl.dropboxusercontent.com/u/78944658/NoToMilTrialsMap/Flags/europe/Montenegro-flag.gif
Morocco,MAR,Africa,Banned By Constitution,https://dl.dropboxusercontent.com/u/78944658/NoToMilTrialsMap/Flags/africa/Morocco-flag.gif
Mozambique,MOZ,Africa,Unknown,https://dl.dropboxusercontent.com/u/78944658/NoToMilTrialsMap/Flags/africa/Mozambique-flag.gif
Myanmar,MMR,Asia,Unknown,https://dl.dropboxusercontent.com/u/78944658/NoToMilTrialsMap/Flags/asia/Myanmar-flag.gif
Namibia,NAM,Africa,Unknown,https://dl.dropboxusercontent.com/u/78944658/NoToMilTrialsMap/Flags/africa/Namibia-flag.gif
Nauru,NRU,Oceania,Unknown,https://dl.dropboxusercontent.com/u/78944658/NoToMilTrialsMap/Flags/oceania/Nauru-flag.gif
Nepal,NPL,Asia,Unknown,https://dl.dropboxusercontent.com/u/78944658/NoToMilTrialsMap/Flags/asia/Nepal-flag.gif
Netherlands,NLD,Europe,Unknown,https://dl.dropboxusercontent.com/u/78944658/NoToMilTrialsMap/Flags/europe/Netherlands-flag.gif
New Zealand,NZL,Oceania,Unknown,https://dl.dropboxusercontent.com/u/78944658/NoToMilTrialsMap/Flags/oceania/New-Zealand-flag.gif
Nicaragua,NIC,North America,Unknown,https://dl.dropboxusercontent.com/u/78944658/NoToMilTrialsMap/Flags/north-america/Nicaragua-flag.gif
Niger,NER,Africa,Unknown,https://dl.dropboxusercontent.com/u/78944658/NoToMilTrialsMap/Flags/africa/Niger-flag.gif
Nigeria,NGA,Africa,Unknown,https://dl.dropboxusercontent.com/u/78944658/NoToMilTrialsMap/Flags/africa/Nigeria-flag.gif
North Korea,PRK,Asia,Unknown,https://dl.dropboxusercontent.com/u/78944658/NoToMilTrialsMap/Flags/asia/North-Korea-flag.gif
Norway,NOR,Europe,Unknown,https://dl.dropboxusercontent.com/u/78944658/NoToMilTrialsMap/Flags/europe/Norway-flag.gif
Oman,OMN,Asia,Unknown,https://dl.dropboxusercontent.com/u/78944658/NoToMilTrialsMap/Flags/asia/Oman-flag.gif
Pakistan,PAK,Asia,Unknown,https://dl.dropboxusercontent.com/u/78944658/NoToMilTrialsMap/Flags/asia/Pakistan-flag.gif
Palau,PLW,Oceania,Unknown,https://dl.dropboxusercontent.com/u/78944658/NoToMilTrialsMap/Flags/oceania/Palau-flag.gif
Palestine,PSE,Asia,Undefined,https://dl.dropboxusercontent.com/u/78944658/NoToMilTrialsMap/Flags/asia/Palestine-flag.gif
Panama,PAN,North America,Unknown,https://dl.dropboxusercontent.com/u/78944658/NoToMilTrialsMap/Flags/north-america/Panama-flag.gif
Papua New Guinea,PNG,Oceania,Unknown,https://dl.dropboxusercontent.com/u/78944658/NoToMilTrialsMap/Flags/oceania/Papua-New-Guinea-flag.gif
Paraguay,PRY,South America,Unknown,https://dl.dropboxusercontent.com/u/78944658/NoToMilTrialsMap/Flags/south-america/Paraguay-flag.gif
Peru,PER,South America,Unknown,https://dl.dropboxusercontent.com/u/78944658/NoToMilTrialsMap/Flags/south-america/Peru-flag.gif
Philippines,PHL,Asia,Unknown,https://dl.dropboxusercontent.com/u/78944658/NoToMilTrialsMap/Flags/asia/Philippines-flag.gif
Poland,POL,Europe,Unknown,https://dl.dropboxusercontent.com/u/78944658/NoToMilTrialsMap/Flags/europe/Poland-flag.gif
Portugal,PRT,Europe,Unknown,https://dl.dropboxusercontent.com/u/78944658/NoToMilTrialsMap/Flags/europe/Portugal-flag.gif
Puerto Rico,PRI,North America,Undefined,https://dl.dropboxusercontent.com/u/78944658/NoToMilTrialsMap/Flags/north-america/puerto-rico-flag.gif
Qatar,QAT,Asia,Unknown,https://dl.dropboxusercontent.com/u/78944658/NoToMilTrialsMap/Flags/asia/Qatar-flag.gif
Romania,ROU,Europe,Unknown,https://dl.dropboxusercontent.com/u/78944658/NoToMilTrialsMap/Flags/europe/Romania-flag.gif
Russia,RUS,Europe,Banned By Law,https://dl.dropboxusercontent.com/u/78944658/NoToMilTrialsMap/Flags/europe/Russia-flag.gif
Rwanda,RWA,Africa,Unknown,https://dl.dropboxusercontent.com/u/78944658/NoToMilTrialsMap/Flags/africa/Rwanda-flag.gif
Saint Kitts and Nevis,KNA,North America,Unknown,https://dl.dropboxusercontent.com/u/78944658/NoToMilTrialsMap/Flags/north-america/saint-kitts-and-nevis-flag.gif
Saint Lucia,LCA,North America,Unknown,https://dl.dropboxusercontent.com/u/78944658/NoToMilTrialsMap/Flags/north-america/Saint-Lucia-flag.gif
Saint Vincent and the Grenadines,VCT,North America,Unknown,https://dl.dropboxusercontent.com/u/78944658/NoToMilTrialsMap/Flags/north-america/saint-vincent-and-the-grenadines-flag.gif
Samoa,WSM,Oceania,Unknown,https://dl.dropboxusercontent.com/u/78944658/NoToMilTrialsMap/Flags/oceania/Samoa-flag.gif
San Marino,SMR,Europe,Unknown,https://dl.dropboxusercontent.com/u/78944658/NoToMilTrialsMap/Flags/europe/San-Marino-flag.gif
Sao Tome and Principe,STP,Africa,Unknown,https://dl.dropboxusercontent.com/u/78944658/NoToMilTrialsMap/Flags/africa/Sao-Tome-and-Principe-flag.gif
Saudi Arabia,SAU,Asia,Banned By Law,https://dl.dropboxusercontent.com/u/78944658/NoToMilTrialsMap/Flags/asia/Saudi-Arabia-flag.gif
Senegal,SEN,Africa,Unknown,https://dl.dropboxusercontent.com/u/78944658/NoToMilTrialsMap/Flags/africa/Senegal-flag.gif
Serbia,SRB,Europe,Unknown,https://dl.dropboxusercontent.com/u/78944658/NoToMilTrialsMap/Flags/europe/Serbia-flag.gif
Seychelles,SYC,Africa,Unknown,https://dl.dropboxusercontent.com/u/78944658/NoToMilTrialsMap/Flags/africa/Seychelles-flag.gif
Sierra Leone,SLE,Africa,Unknown,https://dl.dropboxusercontent.com/u/78944658/NoToMilTrialsMap/Flags/africa/Sierra-Leone-flag.gif
Singapore,SGP,Asia,Unknown,https://dl.dropboxusercontent.com/u/78944658/NoToMilTrialsMap/Flags/asia/Singapore-flag.gif
Slovakia,SVK,Europe,Unknown,https://dl.dropboxusercontent.com/u/78944658/NoToMilTrialsMap/Flags/europe/Slovakia-flag.gif
Slovenia,SVN,Europe,Unknown,https://dl.dropboxusercontent.com/u/78944658/NoToMilTrialsMap/Flags/europe/Slovenia-flag.gif
Solomon Islands,SLB,Oceania,Unknown,https://dl.dropboxusercontent.com/u/78944658/NoToMilTrialsMap/Flags/oceania/solomon-islands-flag.gif
Somalia,SOM,Africa,Unknown,https://dl.dropboxusercontent.com/u/78944658/NoToMilTrialsMap/Flags/africa/Somalia-flag.gif
South Africa,ZAF,Africa,Unknown,https://dl.dropboxusercontent.com/u/78944658/NoToMilTrialsMap/Flags/africa/South-Africa-flag.gif
South Korea,KOR,Asia,Unknown,https://dl.dropboxusercontent.com/u/78944658/NoToMilTrialsMap/Flags/asia/South-Korea-flag.gif
South Sudan,SSD,Africa,Unknown,https://dl.dropboxusercontent.com/u/78944658/NoToMilTrialsMap/Flags/africa/South-Sudan-flag.gif
Spain,ESP,Europe,Permitted By Law,https://dl.dropboxusercontent.com/u/78944658/NoToMilTrialsMap/Flags/europe/Spain-flag.gif
Sri Lanka,LKA,Asia,Unknown,https://dl.dropboxusercontent.com/u/78944658/NoToMilTrialsMap/Flags/asia/Sri-Lanka-flag.gif
Sudan,SDN,Africa,Permitted By Law,https://dl.dropboxusercontent.com/u/78944658/NoToMilTrialsMap/Flags/africa/Sudan-flag.gif
Suriname,SUR,South America,Unknown,https://dl.dropboxusercontent.com/u/78944658/NoToMilTrialsMap/Flags/south-america/Suriname-flag.gif
Swaziland,SWZ,Africa,Unknown,https://dl.dropboxusercontent.com/u/78944658/NoToMilTrialsMap/Flags/africa/Swaziland-flag.gif
Sweden,SWE,Europe,Unknown,https://dl.dropboxusercontent.com/u/78944658/NoToMilTrialsMap/Flags/europe/Sweden-flag.gif
Switzerland,CHE,Europe,Unknown,https://dl.dropboxusercontent.com/u/78944658/NoToMilTrialsMap/Flags/europe/Switzerland-flag.gif
Syria,SYR,Asia,Unknown,https://dl.dropboxusercontent.com/u/78944658/NoToMilTrialsMap/Flags/asia/Syria-flag.gif
Tajikistan,TJK,Asia,Unknown,https://dl.dropboxusercontent.com/u/78944658/NoToMilTrialsMap/Flags/asia/Tajikistan-flag.gif
Tanzania,TZA,Africa,Unknown,https://dl.dropboxusercontent.com/u/78944658/NoToMilTrialsMap/Flags/africa/Tanzania-flag.gif
Thailand,THA,Asia,Unknown,https://dl.dropboxusercontent.com/u/78944658/NoToMilTrialsMap/Flags/asia/Thailand-flag.gif
Timor Leste,TLS,Asia,Unknown,https://dl.dropboxusercontent.com/u/78944658/NoToMilTrialsMap/Flags/asia/Timor-flag.gif
Togo,TGO,Africa,Unknown,https://dl.dropboxusercontent.com/u/78944658/NoToMilTrialsMap/Flags/africa/Togo-flag.gif
Tonga,TON,Oceania,Unknown,https://dl.dropboxusercontent.com/u/78944658/NoToMilTrialsMap/Flags/oceania/Tonga-flag.gif
Trinidad and Tobago,TTO,North America,Unknown,https://dl.dropboxusercontent.com/u/78944658/NoToMilTrialsMap/Flags/north-america/Trinidad-and-Tobago-flag.gif
Tunisia,TUN,Africa,Unknown,https://dl.dropboxusercontent.com/u/78944658/NoToMilTrialsMap/Flags/africa/Tunisia-flag.gif
Turkey,TUR,Asia,Unknown,https://dl.dropboxusercontent.com/u/78944658/NoToMilTrialsMap/Flags/asia/Turkey-flag.gif
Turkmenistan,TKM,Asia,Unknown,https://dl.dropboxusercontent.com/u/78944658/NoToMilTrialsMap/Flags/asia/Turkmenistan-flag.gif
Tuvalu,TUV,Oceania,Unknown,https://dl.dropboxusercontent.com/u/78944658/NoToMilTrialsMap/Flags/oceania/Tuvalu-flag.gif
Uganda,UGA,Africa,Unknown,https://dl.dropboxusercontent.com/u/78944658/NoToMilTrialsMap/Flags/africa/Uganda-flag.gif
Ukraine,UKR,Europe,Permitted By Law,https://dl.dropboxusercontent.com/u/78944658/NoToMilTrialsMap/Flags/europe/Ukraine-flag.gif
United Arab Emirates,ARE,Asia,Unknown,https://dl.dropboxusercontent.com/u/78944658/NoToMilTrialsMap/Flags/asia/United-Arab-Emirates-flag.gif
United Kingdom,GBR,Europe,Unknown,https://dl.dropboxusercontent.com/u/78944658/NoToMilTrialsMap/Flags/europe/United-Kingdom-flag.gif
United States,USA,North America,Unknown,https://dl.dropboxusercontent.com/u/78944658/NoToMilTrialsMap/Flags/north-america/United-States-flag.gif
Uruguay,URY,South America,Unknown,https://dl.dropboxusercontent.com/u/78944658/NoToMilTrialsMap/Flags/south-america/Uruguay-flag.gif
Uzbekistan,UZB,Asia,Unknown,https://dl.dropboxusercontent.com/u/78944658/NoToMilTrialsMap/Flags/asia/Uzbekistan-flag.gif
Vanuatu,VUT,Oceania,Unknown,https://dl.dropboxusercontent.com/u/78944658/NoToMilTrialsMap/Flags/oceania/Vanuatu-flag.gif
Vatican,VAT,Europe,Undefined,https://dl.dropboxusercontent.com/u/78944658/NoToMilTrialsMap/Flags/europe/vatican-flag.gif
Venezuela,VEN,South America,Unknown,https://dl.dropboxusercontent.com/u/78944658/NoToMilTrialsMap/Flags/south-america/Venezuela-flag.gif
Vietnam,VNM,Asia,Unknown,https://dl.dropboxusercontent.com/u/78944658/NoToMilTrialsMap/Flags/asia/Vietnam-flag.gif
Western Sahara,ESH,Africa,Undefined,https://dl.dropboxusercontent.com/u/78944658/NoToMilTrialsMap/Flags/africa/western-sahara-flag.gif
Yemen,YEM,Asia,Unknown,https://dl.dropboxusercontent.com/u/78944658/NoToMilTrialsMap/Flags/asia/Yemen-flag.gif
Zambia,ZMB,Africa,Unknown,https://dl.dropboxusercontent.com/u/78944658/NoToMilTrialsMap/Flags/africa/Zambia-flag.gif
Zimbabwe,ZWE,Africa,Unknown,https://dl.dropboxusercontent.com/u/78944658/NoToMilTrialsMap/Flags/africa/Zimbabwe-flag.gif
